{"cameraMode":{"drawMode":0,"name":"Shaded","section":"Shading Mode"},"sceneLighting":false,"audioPlay":false,"sceneViewState":{"showFog":false,"showMaterialUpdate":false,"showSkybox":false,"showFlares":false,"showImageEffects":false,"showParticleSystems":false},"in2DMode":false,"pivot":{"x":-13.57733154296875,"y":4.053972244262695,"z":3.01534104347229},"rotation":{"x":-0.05024738609790802,"y":0.9142480492591858,"z":0.119706891477108,"w":0.3838323950767517},"size":16.319746017456056,"orthographic":false}