{"cameraMode":{"drawMode":0,"name":"Shaded","section":"Shading Mode"},"sceneLighting":false,"audioPlay":false,"sceneViewState":{"showFog":false,"showMaterialUpdate":false,"showSkybox":false,"showFlares":false,"showImageEffects":false,"showParticleSystems":false},"in2DMode":false,"pivot":{"x":547.8382568359375,"y":2112.90185546875,"z":815.6480102539063},"rotation":{"x":0.23617957532405854,"y":-0.02360863983631134,"z":0.005726023577153683,"w":0.9714236855506897},"size":12.702188491821289,"orthographic":false}