{"cameraMode":{"drawMode":0,"name":"Shaded","section":"Shading Mode"},"sceneLighting":false,"audioPlay":false,"sceneViewState":{"showFog":false,"showMaterialUpdate":false,"showSkybox":false,"showFlares":false,"showImageEffects":false,"showParticleSystems":false},"in2DMode":false,"pivot":{"x":-6.166813850402832,"y":-0.6305283308029175,"z":0.14783312380313874},"rotation":{"x":0.21029658615589143,"y":0.670049786567688,"z":-0.20683139562606812,"w":0.681298553943634},"size":3.9883525371551515,"orthographic":false}