{"cameraMode":{"drawMode":0,"name":"Shaded","section":"Shading Mode"},"sceneLighting":false,"audioPlay":false,"sceneViewState":{"showFog":false,"showMaterialUpdate":false,"showSkybox":false,"showFlares":false,"showImageEffects":false,"showParticleSystems":false},"in2DMode":false,"pivot":{"x":-14.260818481445313,"y":2.1160573959350588,"z":4.882582664489746},"rotation":{"x":0.047812581062316897,"y":-0.08380571752786637,"z":0.004029581788927317,"w":0.9953358769416809},"size":6.16823148727417,"orthographic":false}