{"cameraMode":{"drawMode":0,"name":"Shaded","section":"Shading Mode"},"sceneLighting":false,"audioPlay":false,"sceneViewState":{"showFog":false,"showMaterialUpdate":false,"showSkybox":false,"showFlares":false,"showImageEffects":false,"showParticleSystems":false},"in2DMode":false,"pivot":{"x":-20.13604164123535,"y":6.548535346984863,"z":-2.126737594604492},"rotation":{"x":-0.37181809544563296,"y":0.018021322786808015,"z":-0.007316363975405693,"w":-0.9282209873199463},"size":-2.3282995223999025,"orthographic":false}