{"cameraMode":{"drawMode":0,"name":"Shaded","section":"Shading Mode"},"sceneLighting":false,"audioPlay":false,"sceneViewState":{"showFog":false,"showMaterialUpdate":false,"showSkybox":false,"showFlares":false,"showImageEffects":false,"showParticleSystems":false},"in2DMode":false,"pivot":{"x":-9.932952880859375,"y":0.4429607391357422,"z":2.820383071899414},"rotation":{"x":-0.27718880772590639,"y":-0.382907897233963,"z":0.12161329388618469,"w":-0.8728508949279785},"size":7.487154483795166,"orthographic":false}