{"cameraMode":{"drawMode":0,"name":"Shaded","section":"Shading Mode"},"sceneLighting":false,"audioPlay":false,"sceneViewState":{"showFog":false,"showMaterialUpdate":false,"showSkybox":false,"showFlares":false,"showImageEffects":false,"showParticleSystems":false},"in2DMode":false,"pivot":{"x":0.16875147819519044,"y":0.7669302225112915,"z":0.6161560416221619},"rotation":{"x":-0.11811240762472153,"y":0.573767364025116,"z":-0.08409116417169571,"w":-0.8060992360115051},"size":5.138768672943115,"orthographic":false}