{"cameraMode":{"drawMode":0,"name":"Shaded","section":"Shading Mode"},"sceneLighting":false,"audioPlay":false,"sceneViewState":{"showFog":false,"showMaterialUpdate":false,"showSkybox":false,"showFlares":false,"showImageEffects":false,"showParticleSystems":false},"in2DMode":false,"pivot":{"x":-3213.2734375,"y":5350.01904296875,"z":-6150.7900390625},"rotation":{"x":0.15343256294727326,"y":0.09796152263879776,"z":-0.015289322473108769,"w":0.9831774234771729},"size":3219.776123046875,"orthographic":false}