{"cameraMode":{"drawMode":0,"name":"Shaded","section":"Shading Mode"},"sceneLighting":false,"audioPlay":false,"sceneViewState":{"showFog":false,"showMaterialUpdate":false,"showSkybox":false,"showFlares":false,"showImageEffects":false,"showParticleSystems":false},"in2DMode":false,"pivot":{"x":-8.727237701416016,"y":0.075481116771698,"z":0.8210338354110718},"rotation":{"x":0.12114330381155014,"y":-0.6899305582046509,"z":0.11867247521877289,"w":0.7038235068321228},"size":1.558992624282837,"orthographic":false}