{"cameraMode":{"drawMode":0,"name":"Shaded","section":"Shading Mode"},"sceneLighting":false,"audioPlay":false,"sceneViewState":{"showFog":false,"showMaterialUpdate":false,"showSkybox":false,"showFlares":false,"showImageEffects":false,"showParticleSystems":false},"in2DMode":false,"pivot":{"x":-12.09465217590332,"y":-2.686326026916504,"z":6.951007843017578},"rotation":{"x":-0.35668954253196719,"y":0.16027140617370606,"z":-0.06225575879216194,"w":-0.9182652831077576},"size":12.053908348083496,"orthographic":false}