{"cameraMode":{"drawMode":0,"name":"Shaded","section":"Shading Mode"},"sceneLighting":false,"audioPlay":false,"sceneViewState":{"showFog":false,"showMaterialUpdate":false,"showSkybox":false,"showFlares":false,"showImageEffects":false,"showParticleSystems":false},"in2DMode":false,"pivot":{"x":-19.015356063842775,"y":-1.4844670295715333,"z":-0.45469236373901369},"rotation":{"x":0.154058039188385,"y":-0.840477705001831,"z":0.31087958812713625,"w":0.4163012206554413},"size":6.432239055633545,"orthographic":false}