{"cameraMode":{"drawMode":0,"name":"Shaded","section":"Shading Mode"},"sceneLighting":false,"audioPlay":false,"sceneViewState":{"showFog":false,"showMaterialUpdate":false,"showSkybox":false,"showFlares":false,"showImageEffects":false,"showParticleSystems":false},"in2DMode":false,"pivot":{"x":-38.31867980957031,"y":0.9596984386444092,"z":5.500748634338379},"rotation":{"x":-0.10606683045625687,"y":-0.1237412691116333,"z":0.013305723667144776,"w":-0.9865466952323914},"size":16.036672592163087,"orthographic":false}