{"cameraMode":{"drawMode":0,"name":"Shaded","section":"Shading Mode"},"sceneLighting":false,"audioPlay":false,"sceneViewState":{"showFog":false,"showMaterialUpdate":false,"showSkybox":false,"showFlares":false,"showImageEffects":false,"showParticleSystems":false},"in2DMode":false,"pivot":{"x":0.04669475555419922,"y":0.22349999845027924,"z":-0.44834649562835696},"rotation":{"x":-0.3811628222465515,"y":0.05597108602523804,"z":-0.02312474139034748,"w":-0.9225283861160278},"size":1.2118905782699586,"orthographic":false}