{"cameraMode":{"drawMode":0,"name":"Shaded","section":"Shading Mode"},"sceneLighting":false,"audioPlay":false,"sceneViewState":{"showFog":false,"showMaterialUpdate":false,"showSkybox":false,"showFlares":false,"showImageEffects":false,"showParticleSystems":false},"in2DMode":false,"pivot":{"x":-19.384002685546876,"y":2.030599355697632,"z":2.273210048675537},"rotation":{"x":-0.07734665274620056,"y":0.4710957705974579,"z":-0.04152292013168335,"w":-0.8777376413345337},"size":5.861997127532959,"orthographic":false}