{"cameraMode":{"drawMode":0,"name":"Shaded","section":"Shading Mode"},"sceneLighting":true,"audioPlay":false,"sceneViewState":{"showFog":false,"showMaterialUpdate":false,"showSkybox":false,"showFlares":false,"showImageEffects":false,"showParticleSystems":false},"in2DMode":false,"pivot":{"x":-18.349294662475587,"y":1.3832671642303467,"z":4.211207389831543},"rotation":{"x":-0.19593428075313569,"y":0.043220553547143939,"z":-0.00863617192953825,"w":-0.9796558618545532},"size":9.158040046691895,"orthographic":false}