{"cameraMode":{"drawMode":0,"name":"Shaded","section":"Shading Mode"},"sceneLighting":false,"audioPlay":false,"sceneViewState":{"showFog":false,"showMaterialUpdate":false,"showSkybox":false,"showFlares":false,"showImageEffects":false,"showParticleSystems":false},"in2DMode":false,"pivot":{"x":-17.945247650146486,"y":0.2718076705932617,"z":5.823314189910889},"rotation":{"x":-0.1162211000919342,"y":0.2896275818347931,"z":-0.03545485436916351,"w":-0.9493961930274963},"size":22.644447326660158,"orthographic":false}