{"cameraMode":{"drawMode":0,"name":"Shaded","section":"Shading Mode"},"sceneLighting":false,"audioPlay":false,"sceneViewState":{"showFog":false,"showMaterialUpdate":false,"showSkybox":false,"showFlares":false,"showImageEffects":false,"showParticleSystems":false},"in2DMode":false,"pivot":{"x":-18.585857391357423,"y":1.5691009759902955,"z":2.405733585357666},"rotation":{"x":-0.038983944803476337,"y":-0.12646594643592835,"z":0.004971234127879143,"w":-0.9911981821060181},"size":1.3193409442901612,"orthographic":false}