{"cameraMode":{"drawMode":0,"name":"Shaded","section":"Shading Mode"},"sceneLighting":false,"audioPlay":false,"sceneViewState":{"showFog":false,"showMaterialUpdate":false,"showSkybox":false,"showFlares":false,"showImageEffects":false,"showParticleSystems":false},"in2DMode":false,"pivot":{"x":-12.099900245666504,"y":1.4601999521255494,"z":4.848099708557129},"rotation":{"x":-0.1804029643535614,"y":-0.08603318780660629,"z":0.015842925757169725,"w":-0.9796959757804871},"size":11.986143112182618,"orthographic":false}