{"cameraMode":{"drawMode":0,"name":"Shaded","section":"Shading Mode"},"sceneLighting":false,"audioPlay":false,"sceneViewState":{"showFog":false,"showMaterialUpdate":false,"showSkybox":false,"showFlares":false,"showImageEffects":false,"showParticleSystems":false},"in2DMode":false,"pivot":{"x":-12.982601165771485,"y":1.7599446773529053,"z":16.66292381286621},"rotation":{"x":-0.00839528813958168,"y":0.02668165974318981,"z":0.0002228590747108683,"w":0.9996121525764465},"size":17.43093490600586,"orthographic":false}