{"cameraMode":{"drawMode":0,"name":"Shaded","section":"Shading Mode"},"sceneLighting":false,"audioPlay":false,"sceneViewState":{"showFog":false,"showMaterialUpdate":false,"showSkybox":false,"showFlares":false,"showImageEffects":false,"showParticleSystems":false},"in2DMode":false,"pivot":{"x":-16.140583038330079,"y":0.6417425274848938,"z":7.753230094909668},"rotation":{"x":-0.3811628222465515,"y":0.05597108602523804,"z":-0.02312474139034748,"w":-0.9225283861160278},"size":1.078321933746338,"orthographic":false}