{"cameraMode":{"drawMode":0,"name":"Shaded","section":"Shading Mode"},"sceneLighting":false,"audioPlay":false,"sceneViewState":{"showFog":false,"showMaterialUpdate":false,"showSkybox":false,"showFlares":false,"showImageEffects":false,"showParticleSystems":false},"in2DMode":false,"pivot":{"x":-9.367889404296875,"y":-5.451267242431641,"z":-23.51753044128418},"rotation":{"x":-0.03404742106795311,"y":-0.959197998046875,"z":0.1317489743232727,"w":-0.24787786602973939},"size":29.03569793701172,"orthographic":false}