{"cameraMode":{"drawMode":0,"name":"Shaded","section":"Shading Mode"},"sceneLighting":false,"audioPlay":false,"sceneViewState":{"showFog":false,"showMaterialUpdate":false,"showSkybox":false,"showFlares":false,"showImageEffects":false,"showParticleSystems":false},"in2DMode":false,"pivot":{"x":-23.767627716064454,"y":2.4287731647491457,"z":4.500019073486328},"rotation":{"x":-0.03151297569274902,"y":0.19045403599739076,"z":-0.006092086900025606,"w":-0.9811917543411255},"size":9.075671195983887,"orthographic":false}